[{"id":"0d2c1fa4-6a7e-4b21-8af5-9afca5e50cda","file_name":"rob-mulally-oacHEtIlXsA-unsplash.jpg","title":null,"size":1684148,"type":"image/jpeg","url":"https://assets-eu-01.kc-usercontent.com/cc380b88-5970-01b3-43f5-02a7cad6e862/fce9fee7-b0a4-4c8f-be42-0fcf7e5c9679/rob-mulally-oacHEtIlXsA-unsplash.jpg","image_width":1920,"image_height":1920,"file_reference":{"id":"fce9fee7-b0a4-4c8f-be42-0fcf7e5c9679","type":"internal"},"descriptions":[{"language":{"id":"00000000-0000-0000-0000-000000000000"},"description":null}],"last_modified":"2021-04-27T22:55:34.9086111Z"},{"id":"0e8d9fa2-ac2b-46fa-a45d-d7e79fe7f799","file_name":"knife.jpg","title":null,"size":156876,"type":"image/jpeg","url":"https://assets-eu-01.kc-usercontent.com/cc380b88-5970-01b3-43f5-02a7cad6e862/978fb0cc-49d3-443b-b6ee-96969decf966/knife.jpg","image_width":1688,"image_height":1800,"file_reference":{"id":"978fb0cc-49d3-443b-b6ee-96969decf966","type":"internal"},"descriptions":[{"language":{"id":"00000000-0000-0000-0000-000000000000"},"description":null}],"last_modified":"2021-04-26T21:08:23.6996546Z"},{"id":"10892f9a-5afd-477d-848f-204562b315c3","file_name":"lit-tent.jpg","title":null,"size":261756,"type":"image/jpeg","url":"https://assets-eu-01.kc-usercontent.com/cc380b88-5970-01b3-43f5-02a7cad6e862/d6273425-49c7-4ffa-9f2f-c574ce0215e2/lit-tent.jpg","image_width":1800,"image_height":1832,"file_reference":{"id":"d6273425-49c7-4ffa-9f2f-c574ce0215e2","type":"internal"},"descriptions":[{"language":{"id":"00000000-0000-0000-0000-000000000000"},"description":null}],"last_modified":"2021-04-26T21:08:24.1215617Z"},{"id":"122e480b-8d42-41af-b0d2-969224acabdc","file_name":"carmarthenwoods.jpg","title":null,"size":112862,"type":"image/jpeg","url":"https://assets-eu-01.kc-usercontent.com/cc380b88-5970-01b3-43f5-02a7cad6e862/67318aa0-58cc-4294-8619-a38fa1c0fead/carmarthenwoods.jpg","image_width":800,"image_height":533,"file_reference":{"id":"67318aa0-58cc-4294-8619-a38fa1c0fead","type":"internal"},"descriptions":[{"language":{"id":"00000000-0000-0000-0000-000000000000"},"description":null}],"last_modified":"2021-04-26T21:15:06.0089287Z"},{"id":"66d91012-ad7d-4e3b-b64e-055114aeaeb7","file_name":"falls.jpg","title":null,"size":586317,"type":"image/jpeg","url":"https://assets-eu-01.kc-usercontent.com/cc380b88-5970-01b3-43f5-02a7cad6e862/238dc298-d98b-4a2e-9ffa-f09cf7096593/falls.jpg","image_width":1623,"image_height":1800,"file_reference":{"id":"238dc298-d98b-4a2e-9ffa-f09cf7096593","type":"internal"},"descriptions":[{"language":{"id":"00000000-0000-0000-0000-000000000000"},"description":null}],"last_modified":"2021-04-26T21:08:23.0902978Z"},{"id":"719a8b92-c8ae-4239-b428-9959dd90ac7c","file_name":"fire.jpg","title":null,"size":452061,"type":"image/jpeg","url":"https://assets-eu-01.kc-usercontent.com/cc380b88-5970-01b3-43f5-02a7cad6e862/66cdcecc-02b2-4ebd-a60a-73376b500ce0/fire.jpg","image_width":1920,"image_height":1922,"file_reference":{"id":"66cdcecc-02b2-4ebd-a60a-73376b500ce0","type":"internal"},"descriptions":[{"language":{"id":"00000000-0000-0000-0000-000000000000"},"description":null}],"last_modified":"2021-04-26T21:08:23.2934153Z"},{"id":"8bb1db2b-20ff-4737-8a17-67ed093581a3","file_name":"waterfall.jpg","title":null,"size":763097,"type":"image/jpeg","url":"https://assets-eu-01.kc-usercontent.com/cc380b88-5970-01b3-43f5-02a7cad6e862/0e4a2b01-8f37-4fbb-a5b7-74fbc8c5e126/waterfall.jpg","image_width":1800,"image_height":1800,"file_reference":{"id":"0e4a2b01-8f37-4fbb-a5b7-74fbc8c5e126","type":"internal"},"descriptions":[{"language":{"id":"00000000-0000-0000-0000-000000000000"},"description":null}],"last_modified":"2021-04-26T21:08:24.5902891Z"},{"id":"c3451a65-d52b-4498-86eb-8468be1e94cd","file_name":"wessexfarm.jpg","title":null,"size":164790,"type":"image/jpeg","url":"https://assets-eu-01.kc-usercontent.com/cc380b88-5970-01b3-43f5-02a7cad6e862/b1a5e9ba-8b6f-4367-979c-3f32d54485c1/wessexfarm.jpg","image_width":1024,"image_height":395,"file_reference":{"id":"b1a5e9ba-8b6f-4367-979c-3f32d54485c1","type":"internal"},"descriptions":[{"language":{"id":"00000000-0000-0000-0000-000000000000"},"description":null}],"last_modified":"2021-04-26T21:13:27.0551888Z"},{"id":"c60410c8-4f68-4343-add6-8d46f54428b3","file_name":"fire2.jpg","title":null,"size":163341,"type":"image/jpeg","url":"https://assets-eu-01.kc-usercontent.com/cc380b88-5970-01b3-43f5-02a7cad6e862/39df039d-3bdc-4666-9690-a1830db81fb2/fire2.jpg","image_width":1800,"image_height":1800,"file_reference":{"id":"39df039d-3bdc-4666-9690-a1830db81fb2","type":"internal"},"descriptions":[{"language":{"id":"00000000-0000-0000-0000-000000000000"},"description":null}],"last_modified":"2021-04-26T21:08:23.3246509Z"},{"id":"ea0fe72e-fec3-47bc-84c9-096d72467d35","file_name":"dark-tent.jpg","title":null,"size":152016,"type":"image/jpeg","url":"https://assets-eu-01.kc-usercontent.com/cc380b88-5970-01b3-43f5-02a7cad6e862/9aa1fb45-db06-4bb6-8e35-796e9f8f24bd/dark-tent.jpg","image_width":1800,"image_height":1788,"file_reference":{"id":"9aa1fb45-db06-4bb6-8e35-796e9f8f24bd","type":"internal"},"descriptions":[{"language":{"id":"00000000-0000-0000-0000-000000000000"},"description":null}],"last_modified":"2021-04-26T21:08:22.6215488Z"},{"id":"f970e489-658b-4cd2-b710-f1b5b4c0063c","file_name":"kayaks.jpg","title":null,"size":195933,"type":"image/jpeg","url":"https://assets-eu-01.kc-usercontent.com/cc380b88-5970-01b3-43f5-02a7cad6e862/60085276-a979-42ea-b90a-f4e46d332396/kayaks.jpg","image_width":1537,"image_height":1800,"file_reference":{"id":"60085276-a979-42ea-b90a-f4e46d332396","type":"internal"},"descriptions":[{"language":{"id":"00000000-0000-0000-0000-000000000000"},"description":null}],"last_modified":"2021-04-26T21:08:23.5277884Z"}]