[{"id":"6a374b5c-cc66-42d3-bd12-f3f9d2e6547f","name":"Wessex Farm","codename":"wessex_farm","type":{"id":"e759ce8c-53b1-4883-8ee7-c16cca775e8f"},"collection":{"id":"00000000-0000-0000-0000-000000000000"},"sitemap_locations":[],"last_modified":"2021-04-26T21:10:57.4308494Z"},{"id":"d198a855-bfe6-428f-9600-f591dd439d8b","name":"Carmarthen Woods","codename":"carmarthen_woods","type":{"id":"e759ce8c-53b1-4883-8ee7-c16cca775e8f"},"collection":{"id":"00000000-0000-0000-0000-000000000000"},"sitemap_locations":[],"last_modified":"2021-04-29T23:56:13.4695867Z"},{"id":"88573726-6e1e-4f54-b410-89eec2ce8bcd","name":"Forest School","codename":"forest_school","type":{"id":"a45ff873-73d8-4eec-95cd-a658c5d0785b"},"collection":{"id":"00000000-0000-0000-0000-000000000000"},"sitemap_locations":[],"last_modified":"2021-04-29T23:56:13.6253214Z"},{"id":"7f55959a-0ac6-4bc5-b5c2-1f925dc17032","name":"Forest School (Wessex)","codename":"forest_school__wessex_","type":{"id":"a45ff873-73d8-4eec-95cd-a658c5d0785b"},"collection":{"id":"00000000-0000-0000-0000-000000000000"},"sitemap_locations":[],"last_modified":"2021-04-26T21:17:14.5445993Z"},{"id":"49981cff-424d-4674-9177-c96153259588","name":"Bushcraft Essentials","codename":"bushcraft_essentials","type":{"id":"a45ff873-73d8-4eec-95cd-a658c5d0785b"},"collection":{"id":"00000000-0000-0000-0000-000000000000"},"sitemap_locations":[],"last_modified":"2021-04-26T21:18:28.8778755Z"},{"id":"9b7f41fe-6270-4e45-a5ba-39934d659648","name":"Bank Holiday Bushcraft","codename":"bank_holiday_bushcraft","type":{"id":"a45ff873-73d8-4eec-95cd-a658c5d0785b"},"collection":{"id":"00000000-0000-0000-0000-000000000000"},"sitemap_locations":[],"last_modified":"2021-04-26T21:19:23.1503705Z"},{"id":"be9f5b6e-268d-4a77-8a05-18d54b9138c0","name":"Tree Felling","codename":"tree_felling","type":{"id":"a45ff873-73d8-4eec-95cd-a658c5d0785b"},"collection":{"id":"00000000-0000-0000-0000-000000000000"},"sitemap_locations":[],"last_modified":"2021-04-27T22:52:50.726911Z"},{"id":"78190b0a-2864-4698-8735-4b8472dd0d8e","name":"Stream Walking","codename":"stream_walking","type":{"id":"a45ff873-73d8-4eec-95cd-a658c5d0785b"},"collection":{"id":"00000000-0000-0000-0000-000000000000"},"sitemap_locations":[],"last_modified":"2021-04-27T23:07:12.298063Z"},{"id":"530ed8e1-6ef3-4b40-8796-0d2e2278125f","name":"Parking","codename":"parking","type":{"id":"f6126aee-9127-426b-8ca0-fe31b62cbf64"},"collection":{"id":"00000000-0000-0000-0000-000000000000"},"sitemap_locations":[],"last_modified":"2021-04-29T22:03:55.1904157Z"},{"id":"5f17c89a-8c52-4a76-94d8-5b4aaf2b5039","name":"Disabled Access","codename":"disabled_access","type":{"id":"f6126aee-9127-426b-8ca0-fe31b62cbf64"},"collection":{"id":"00000000-0000-0000-0000-000000000000"},"sitemap_locations":[],"last_modified":"2021-04-29T22:04:25.8276414Z"},{"id":"289ac4d5-c97b-4079-a328-2f0b0dc02587","name":"Camping","codename":"camping","type":{"id":"f6126aee-9127-426b-8ca0-fe31b62cbf64"},"collection":{"id":"00000000-0000-0000-0000-000000000000"},"sitemap_locations":[],"last_modified":"2021-04-29T22:04:52.9540656Z"},{"id":"9e22d230-4dc4-467f-8481-197c6b02240a","name":"Onsite Restaurant","codename":"onsite_restaurant","type":{"id":"f6126aee-9127-426b-8ca0-fe31b62cbf64"},"collection":{"id":"00000000-0000-0000-0000-000000000000"},"sitemap_locations":[],"last_modified":"2021-04-29T22:05:27.9745221Z"}]