[{"id":"e759ce8c-53b1-4883-8ee7-c16cca775e8f","codename":"venue","last_modified":"2021-04-29T22:02:56.4744991Z","name":"Venue","content_groups":[],"elements":[{"maximum_text_length":null,"name":"Name","guidelines":null,"is_required":true,"type":"text","id":"96e6f76f-930d-4fa4-85fc-ebcd7bb7f77a","codename":"name"},{"asset_count_limit":{"value":1,"condition":"at_least"},"maximum_file_size":null,"allowed_file_types":"any","image_width_limit":null,"image_height_limit":null,"name":"Gallery","guidelines":null,"is_required":false,"type":"asset","id":"1739f454-b1ae-4a3f-82b0-8835132b8454","codename":"gallery"},{"maximum_text_length":null,"maximum_image_size":null,"allowed_content_types":[],"image_width_limit":null,"image_height_limit":null,"allowed_image_types":"any","allowed_blocks":["text","images"],"allowed_formatting":["bold","italic","unstyled"],"allowed_text_blocks":["paragraph","heading-two","heading-three","heading-four","ordered-list","unordered-list"],"allowed_table_blocks":[],"allowed_table_formatting":[],"allowed_table_text_blocks":[],"name":"Description","guidelines":null,"is_required":false,"type":"rich_text","id":"e41a77f7-423a-4225-a0cb-47ee9defa350","codename":"description"},{"item_count_limit":null,"allowed_content_types":[{"id":"f6126aee-9127-426b-8ca0-fe31b62cbf64"}],"name":"Facilities","guidelines":null,"is_required":false,"type":"modular_content","id":"efcc2c85-d238-4569-bfb7-31858de2008f","codename":"facilities"},{"depends_on":{"element":{"id":"96e6f76f-930d-4fa4-85fc-ebcd7bb7f77a"}},"name":"Slug","guidelines":null,"is_required":true,"type":"url_slug","id":"ad81a496-18b7-4e5d-9205-3bd0642bd112","codename":"slug"}]},{"id":"a45ff873-73d8-4eec-95cd-a658c5d0785b","codename":"event","last_modified":"2021-04-26T21:10:32.2009746Z","name":"Event","content_groups":[],"elements":[{"maximum_text_length":null,"name":"Name","guidelines":null,"is_required":false,"type":"text","id":"7d0bea15-820d-4172-bfd6-bef5c42d5568","codename":"name"},{"name":"Date","guidelines":null,"is_required":true,"type":"date_time","id":"1ac90c8c-25a0-40d7-88e8-c7d4bc936fa5","codename":"date"},{"maximum_text_length":null,"maximum_image_size":null,"allowed_content_types":[],"image_width_limit":null,"image_height_limit":null,"allowed_image_types":"any","allowed_blocks":["text","images"],"allowed_formatting":["bold","italic","unstyled"],"allowed_text_blocks":["paragraph","heading-two","heading-three","heading-four","ordered-list","unordered-list"],"allowed_table_blocks":[],"allowed_table_formatting":[],"allowed_table_text_blocks":[],"name":"Description","guidelines":null,"is_required":false,"type":"rich_text","id":"bf2a55f2-7e66-41f2-b634-11fa4c9a25e8","codename":"description"},{"asset_count_limit":null,"maximum_file_size":null,"allowed_file_types":"any","image_width_limit":null,"image_height_limit":null,"name":"Gallery","guidelines":null,"is_required":false,"type":"asset","id":"d69b78b2-77b5-4d50-8012-7a9f639bef6a","codename":"gallery"},{"item_count_limit":{"value":1,"condition":"exactly"},"allowed_content_types":[{"id":"e759ce8c-53b1-4883-8ee7-c16cca775e8f"}],"name":"Venue","guidelines":null,"is_required":true,"type":"modular_content","id":"05088f59-cdba-4711-9136-996b29b4650d","codename":"venue"},{"depends_on":{"element":{"id":"7d0bea15-820d-4172-bfd6-bef5c42d5568"}},"name":"Slug","guidelines":null,"is_required":true,"type":"url_slug","id":"0d7e522a-1bb8-4f24-9bbe-3ba63719de0f","codename":"slug"}]},{"id":"f6126aee-9127-426b-8ca0-fe31b62cbf64","codename":"facility","last_modified":"2021-04-29T21:09:11.3829104Z","name":"Facility","content_groups":[],"elements":[{"maximum_text_length":null,"name":"Label","guidelines":null,"is_required":true,"type":"text","id":"5c0174b6-4921-4399-9c9a-0b19b8bf1b05","codename":"label"},{"maximum_text_length":null,"name":"Style","guidelines":null,"is_required":true,"type":"text","id":"ba4bcc46-fc38-4fa6-8d9a-871dcbc0572f","codename":"style"}]}]