[{"elements":[{"element":{"id":"96e6f76f-930d-4fa4-85fc-ebcd7bb7f77a"},"value":"Wessex Farm"},{"element":{"id":"1739f454-b1ae-4a3f-82b0-8835132b8454"},"value":[{"id":"c3451a65-d52b-4498-86eb-8468be1e94cd"}]},{"components":[],"element":{"id":"e41a77f7-423a-4225-a0cb-47ee9defa350"},"value":"<p>Lorem ipsum dolor sit amet, consectetur adipiscing elit. Mihi enim erit isdem istis fortasse iam utendum. Quid enim me prohiberet Epicureum esse, si probarem, quae ille diceret? Dicet pro me ipsa virtus nec dubitabit isti vestro beato M. Atqui reperies, inquit, in hoc quidem pertinacem; Maximas vero virtutes iacere omnis necesse est voluptate dominante. Duo Reges: constructio interrete. Ille incendat? Causa autem fuit huc veniendi ut quosdam hinc libros promerem. Non minor, inquit, voluptas percipitur ex vilissimis rebus quam ex pretiosissimis.</p>"},{"element":{"id":"efcc2c85-d238-4569-bfb7-31858de2008f"},"value":[{"id":"9e22d230-4dc4-467f-8481-197c6b02240a"},{"id":"5f17c89a-8c52-4a76-94d8-5b4aaf2b5039"},{"id":"530ed8e1-6ef3-4b40-8796-0d2e2278125f"}]},{"mode":"autogenerated","element":{"id":"ad81a496-18b7-4e5d-9205-3bd0642bd112"},"value":"wessex-farm"}],"workflow_step":{"id":"eee6db3b-545a-4785-8e86-e3772c8756f9"},"item":{"id":"6a374b5c-cc66-42d3-bd12-f3f9d2e6547f"},"language":{"id":"00000000-0000-0000-0000-000000000000"},"last_modified":"2021-04-29T22:57:05.9896411Z"},{"elements":[{"element":{"id":"96e6f76f-930d-4fa4-85fc-ebcd7bb7f77a"},"value":"Carmarthen Woods"},{"element":{"id":"1739f454-b1ae-4a3f-82b0-8835132b8454"},"value":[{"id":"122e480b-8d42-41af-b0d2-969224acabdc"}]},{"components":[],"element":{"id":"e41a77f7-423a-4225-a0cb-47ee9defa350"},"value":"<p>Lorem ipsum dolor sit amet, consectetur adipiscing elit. At ille pellit, qui permulcet sensum voluptate. Quis tibi ergo istud dabit praeter Pyrrhonem, Aristonem eorumve similes, quos tu non probas? Nemo nostrum istius generis asotos iucunde putat vivere. Indicant pueri, in quibus ut in speculis natura cernitur. Etenim nec iustitia nec amicitia esse omnino poterunt, nisi ipsae per se expetuntur.</p>\n<ul>\n  <li>Te ipsum, dignissimum maioribus tuis, voluptasne induxit, ut adolescentulus eriperes P.</li>\n  <li>Quo invento omnis ab eo quasi capite de summo bono et malo disputatio ducitur.</li>\n  <li>Fatebuntur Stoici haec omnia dicta esse praeclare, neque eam causam Zenoni desciscendi fuisse.</li>\n  <li>Vitiosum est enim in dividendo partem in genere numerare.</li>\n</ul>\n<p>Duo Reges: constructio interrete. Bestiarum vero nullum iudicium puto. Ergo ita: non posse honeste vivi, nisi honeste vivatur? Incommoda autem et commoda-ita enim estmata et dustmata appello-communia esse voluerunt, paria noluerunt. Suo genere perveniant ad extremum; Cur igitur, inquam, res tam dissimiles eodem nomine appellas? <strong>Sed haec omittamus;</strong> <strong>Tum mihi Piso: Quid ergo?</strong> Frater et T. Idcirco enim non desideraret, quia, quod dolore caret, id in voluptate est. Non est igitur voluptas bonum. Prodest, inquit, mihi eo esse animo.</p>\n<p>Hinc ceteri particulas arripere conati suam quisque videro voluit afferre sententiam. Numquam facies. Sit enim idem caecus, debilis. Non dolere, inquam, istud quam vim habeat postea videro; Qui autem de summo bono dissentit de tota philosophiae ratione dissentit.</p>"},{"element":{"id":"efcc2c85-d238-4569-bfb7-31858de2008f"},"value":[]},{"mode":"autogenerated","element":{"id":"ad81a496-18b7-4e5d-9205-3bd0642bd112"},"value":"carmarthen-woods"}],"workflow_step":{"id":"eee6db3b-545a-4785-8e86-e3772c8756f9"},"item":{"id":"d198a855-bfe6-428f-9600-f591dd439d8b"},"language":{"id":"00000000-0000-0000-0000-000000000000"},"last_modified":"2021-04-29T23:58:20.619504Z"},{"elements":[{"element":{"id":"7d0bea15-820d-4172-bfd6-bef5c42d5568"},"value":"Forest School"},{"element":{"id":"1ac90c8c-25a0-40d7-88e8-c7d4bc936fa5"},"value":"2021-05-01T00:00:00Z"},{"components":[],"element":{"id":"bf2a55f2-7e66-41f2-b634-11fa4c9a25e8"},"value":"<p>Lorem ipsum dolor sit amet, consectetur adipiscing elit. Plane idem, inquit, et maxima quidem, qua fieri nulla maior potest. Nec enim, dum metuit, iustus est, et certe, si metuere destiterit, non erit; Non igitur potestis voluptate omnia dirigentes aut tueri aut retinere virtutem. Res enim se praeclare habebat, et quidem in utraque parte. Hoc mihi cum tuo fratre convenit. Duo Reges: constructio interrete. Septem autem illi non suo, sed populorum suffragio omnium nominati sunt. Atque hoc loco similitudines eas, quibus illi uti solent, dissimillimas proferebas. Bonum integritas corporis: misera debilitas. Ut alios omittam, hunc appello, quem ille unum secutus est.</p>\n<ul>\n  <li>Nam prius a se poterit quisque discedere quam appetitum earum rerum, quae sibi conducant, amittere.</li>\n  <li>Commoda autem et incommoda in eo genere sunt, quae praeposita et reiecta diximus;</li>\n  <li>Cuius etiam illi hortuli propinqui non memoriam solum mihi afferunt, sed ipsum videntur in conspectu meo ponere.</li>\n  <li>De ingenio eius in his disputationibus, non de moribus quaeritur.</li>\n  <li>Sed quamquam negant nec virtutes nec vitia crescere, tamen utrumque eorum fundi quodam modo et quasi dilatari putant.</li>\n  <li>Sed ego in hoc resisto;</li>\n</ul>\n<p><em>Simus igitur contenti his.</em> Quae cum magnifice primo dici viderentur, considerata minus probabantur. Id quaeris, inquam, in quo, utrum respondero, verses te huc atque illuc necesse est. Quid, quod homines infima fortuna, nulla spe rerum gerendarum, opifices denique delectantur historia?</p>"},{"element":{"id":"d69b78b2-77b5-4d50-8012-7a9f639bef6a"},"value":[{"id":"8bb1db2b-20ff-4737-8a17-67ed093581a3"},{"id":"66d91012-ad7d-4e3b-b64e-055114aeaeb7"},{"id":"c60410c8-4f68-4343-add6-8d46f54428b3"},{"id":"0e8d9fa2-ac2b-46fa-a45d-d7e79fe7f799"}]},{"element":{"id":"05088f59-cdba-4711-9136-996b29b4650d"},"value":[{"id":"d198a855-bfe6-428f-9600-f591dd439d8b"}]},{"mode":"autogenerated","element":{"id":"0d7e522a-1bb8-4f24-9bbe-3ba63719de0f"},"value":"forest-school"}],"workflow_step":{"id":"eee6db3b-545a-4785-8e86-e3772c8756f9"},"item":{"id":"88573726-6e1e-4f54-b410-89eec2ce8bcd"},"language":{"id":"00000000-0000-0000-0000-000000000000"},"last_modified":"2021-04-27T22:27:10.0759247Z"},{"elements":[{"element":{"id":"7d0bea15-820d-4172-bfd6-bef5c42d5568"},"value":"Forest School"},{"element":{"id":"1ac90c8c-25a0-40d7-88e8-c7d4bc936fa5"},"value":"2021-05-01T00:00:00Z"},{"components":[],"element":{"id":"bf2a55f2-7e66-41f2-b634-11fa4c9a25e8"},"value":"<p>Lorem ipsum dolor sit amet, consectetur adipiscing elit. Plane idem, inquit, et maxima quidem, qua fieri nulla maior potest. Nec enim, dum metuit, iustus est, et certe, si metuere destiterit, non erit; Non igitur potestis voluptate omnia dirigentes aut tueri aut retinere virtutem. Res enim se praeclare habebat, et quidem in utraque parte. Hoc mihi cum tuo fratre convenit. Duo Reges: constructio interrete. Septem autem illi non suo, sed populorum suffragio omnium nominati sunt. Atque hoc loco similitudines eas, quibus illi uti solent, dissimillimas proferebas. Bonum integritas corporis: misera debilitas. Ut alios omittam, hunc appello, quem ille unum secutus est.</p>\n<p>Mihi, inquam, qui te id ipsum rogavi? Duarum enim vitarum nobis erunt instituta capienda. <em>Dat enim intervalla et relaxat.</em> Quodsi vultum tibi, si incessum fingeres, quo gravior viderere, non esses tui similis; At quicum ioca seria, ut dicitur, quicum arcana, quicum occulta omnia? Nec vero alia sunt quaerenda contra Carneadeam illam sententiam. Eiuro, inquit adridens, iniquum, hac quidem de re; Sine ea igitur iucunde negat posse se vivere?</p>\n<p>Aeque enim contingit omnibus fidibus, ut incontentae sint. Quicquid enim a sapientia proficiscitur, id continuo debet expletum esse omnibus suis partibus; Quid enim me prohiberet Epicureum esse, si probarem, quae ille diceret? Quae hic rei publicae vulnera inponebat, eadem ille sanabat. Sin aliud quid voles, postea. Diodorus, eius auditor, adiungit ad honestatem vacuitatem doloris.</p>\n<ul>\n  <li>Nam prius a se poterit quisque discedere quam appetitum earum rerum, quae sibi conducant, amittere.</li>\n  <li>Commoda autem et incommoda in eo genere sunt, quae praeposita et reiecta diximus;</li>\n  <li>Cuius etiam illi hortuli propinqui non memoriam solum mihi afferunt, sed ipsum videntur in conspectu meo ponere.</li>\n  <li>De ingenio eius in his disputationibus, non de moribus quaeritur.</li>\n  <li>Sed quamquam negant nec virtutes nec vitia crescere, tamen utrumque eorum fundi quodam modo et quasi dilatari putant.</li>\n  <li>Sed ego in hoc resisto;</li>\n</ul>\n<p><em>Simus igitur contenti his.</em> Quae cum magnifice primo dici viderentur, considerata minus probabantur. Id quaeris, inquam, in quo, utrum respondero, verses te huc atque illuc necesse est. Quid, quod homines infima fortuna, nulla spe rerum gerendarum, opifices denique delectantur historia?</p>"},{"element":{"id":"d69b78b2-77b5-4d50-8012-7a9f639bef6a"},"value":[{"id":"719a8b92-c8ae-4239-b428-9959dd90ac7c"},{"id":"8bb1db2b-20ff-4737-8a17-67ed093581a3"},{"id":"c60410c8-4f68-4343-add6-8d46f54428b3"}]},{"element":{"id":"05088f59-cdba-4711-9136-996b29b4650d"},"value":[{"id":"6a374b5c-cc66-42d3-bd12-f3f9d2e6547f"}]},{"mode":"autogenerated","element":{"id":"0d7e522a-1bb8-4f24-9bbe-3ba63719de0f"},"value":"forest-school"}],"workflow_step":{"id":"eee6db3b-545a-4785-8e86-e3772c8756f9"},"item":{"id":"7f55959a-0ac6-4bc5-b5c2-1f925dc17032"},"language":{"id":"00000000-0000-0000-0000-000000000000"},"last_modified":"2021-04-26T21:17:42.3644711Z"},{"elements":[{"element":{"id":"7d0bea15-820d-4172-bfd6-bef5c42d5568"},"value":"Bushcraft Essentials"},{"element":{"id":"1ac90c8c-25a0-40d7-88e8-c7d4bc936fa5"},"value":"2021-05-12T00:00:00Z"},{"components":[],"element":{"id":"bf2a55f2-7e66-41f2-b634-11fa4c9a25e8"},"value":"<p>Lorem ipsum dolor sit amet, consectetur adipiscing elit. Cupit enim dícere nihil posse ad beatam vitam deesse sapienti. Quid, cum fictas fabulas, e quibus utilitas nulla elici potest, cum voluptate legimus? Tu autem inter haec tantam multitudinem hominum interiectam non vides nec laetantium nec dolentium? Quare ad ea primum, si videtur; Eam si varietatem diceres, intellegerem, ut etiam non dicente te intellego; Quod ea non occurrentia fingunt, vincunt Aristonem; Vitiosum est enim in dividendo partem in genere numerare.</p>\n<p><em>Falli igitur possumus.</em> Audax negotium, dicerem impudens, nisi hoc institutum postea translatum ad philosophos nostros esset. At certe gravius. Neque enim disputari sine reprehensione nec cum iracundia aut pertinacia recte disputari potest. Nam, ut sint illa vendibiliora, haec uberiora certe sunt. <strong>Multoque hoc melius nos veriusque quam Stoici.</strong> Dolere malum est: in crucem qui agitur, beatus esse non potest. Sed quoniam et advesperascit et mihi ad villam revertendum est, nunc quidem hactenus; Negat esse eam, inquit, propter se expetendam.</p>\n<p>Qui ita affectus, beatum esse numquam probabis; Duo Reges: constructio interrete. At miser, si in flagitiosa et vitiosa vita afflueret voluptatibus. Ergo opifex plus sibi proponet ad formarum quam civis excellens ad factorum pulchritudinem? Nisi autem rerum natura perspecta erit, nullo modo poterimus sensuum iudicia defendere. <strong>Profectus in exilium Tubulus statim nec respondere ausus;</strong> In qua quid est boni praeter summam voluptatem, et eam sempiternam?</p>\n<ul>\n  <li>Memini vero, inquam;</li>\n  <li>Primum in nostrane potestate est, quid meminerimus?</li>\n</ul>\n<p>Vitae autem degendae ratio maxime quidem illis placuit quieta. Sed ego in hoc resisto; <strong>Quod iam a me expectare noli.</strong> Mihi, inquam, qui te id ipsum rogavi? Quae animi affectio suum cuique tribuens atque hanc, quam dico. Itaque nostrum est-quod nostrum dico, artis est-ad ea principia, quae accepimus. Hoc unum Aristo tenuit: praeter vitia atque virtutes negavit rem esse ullam aut fugiendam aut expetendam.</p>"},{"element":{"id":"d69b78b2-77b5-4d50-8012-7a9f639bef6a"},"value":[{"id":"8bb1db2b-20ff-4737-8a17-67ed093581a3"},{"id":"f970e489-658b-4cd2-b710-f1b5b4c0063c"},{"id":"0e8d9fa2-ac2b-46fa-a45d-d7e79fe7f799"}]},{"element":{"id":"05088f59-cdba-4711-9136-996b29b4650d"},"value":[{"id":"6a374b5c-cc66-42d3-bd12-f3f9d2e6547f"}]},{"mode":"autogenerated","element":{"id":"0d7e522a-1bb8-4f24-9bbe-3ba63719de0f"},"value":"bushcraft-essentials"}],"workflow_step":{"id":"eee6db3b-545a-4785-8e86-e3772c8756f9"},"item":{"id":"49981cff-424d-4674-9177-c96153259588"},"language":{"id":"00000000-0000-0000-0000-000000000000"},"last_modified":"2021-04-26T21:20:56.6310969Z"},{"elements":[{"element":{"id":"7d0bea15-820d-4172-bfd6-bef5c42d5568"},"value":"Bank Holiday Bushcraft"},{"element":{"id":"1ac90c8c-25a0-40d7-88e8-c7d4bc936fa5"},"value":"2021-05-03T00:00:00Z"},{"components":[],"element":{"id":"bf2a55f2-7e66-41f2-b634-11fa4c9a25e8"},"value":"<p>Lorem ipsum dolor sit amet, consectetur adipiscing elit. Quid censes in Latino fore? Sullae consulatum? Duo Reges: constructio interrete. Tum ego: Non mehercule, inquam, soleo temere contra Stoicos, non quo illis admodum assentiar, sed pudore impedior;</p>\n<p>Piso igitur hoc modo, vir optimus tuique, ut scis, amantissimus. Sed ad haec, nisi molestum est, habeo quae velim. Fortemne possumus dicere eundem illum Torquatum?</p>\n<ul>\n  <li>Istam voluptatem, inquit, Epicurus ignorat?</li>\n  <li>At hoc in eo M.</li>\n  <li>Ut placet, inquit, etsi enim illud erat aptius, aequum cuique concedere.</li>\n</ul>\n<p><strong>Eadem fortitudinis ratio reperietur.</strong> Quamquam in hac divisione rem ipsam prorsus probo, elegantiam desidero. Quae autem natura suae primae institutionis oblita est? Quoniam, si dis placet, ab Epicuro loqui discimus. Sed nonne merninisti licere mihi ista probare, quae sunt a te dicta? Verba tu fingas et ea dicas, quae non sentias?</p>\n<p>Levatio igitur vitiorum magna fit in iis, qui habent ad virtutem progressionis aliquantum. Nam adhuc, meo fortasse vitio, quid ego quaeram non perspicis. Haec para/doca illi, nos admirabilia dicamus. Quod non faceret, si in voluptate summum bonum poneret. Sed tu istuc dixti bene Latine, parum plane. Dic in quovis conventu te omnia facere, ne doleas. Non minor, inquit, voluptas percipitur ex vilissimis rebus quam ex pretiosissimis. Si enim ad populum me vocas, eum. Conferam tecum, quam cuique verso rem subicias; Facillimum id quidem est, inquam.</p>"},{"element":{"id":"d69b78b2-77b5-4d50-8012-7a9f639bef6a"},"value":[{"id":"0e8d9fa2-ac2b-46fa-a45d-d7e79fe7f799"},{"id":"8bb1db2b-20ff-4737-8a17-67ed093581a3"},{"id":"66d91012-ad7d-4e3b-b64e-055114aeaeb7"}]},{"element":{"id":"05088f59-cdba-4711-9136-996b29b4650d"},"value":[{"id":"6a374b5c-cc66-42d3-bd12-f3f9d2e6547f"}]},{"mode":"autogenerated","element":{"id":"0d7e522a-1bb8-4f24-9bbe-3ba63719de0f"},"value":"bank-holiday-bushcraft"}],"workflow_step":{"id":"eee6db3b-545a-4785-8e86-e3772c8756f9"},"item":{"id":"9b7f41fe-6270-4e45-a5ba-39934d659648"},"language":{"id":"00000000-0000-0000-0000-000000000000"},"last_modified":"2021-04-26T21:20:38.8770517Z"},{"elements":[{"element":{"id":"7d0bea15-820d-4172-bfd6-bef5c42d5568"},"value":"Tree Felling"},{"element":{"id":"1ac90c8c-25a0-40d7-88e8-c7d4bc936fa5"},"value":"2021-05-18T00:00:00Z"},{"components":[],"element":{"id":"bf2a55f2-7e66-41f2-b634-11fa4c9a25e8"},"value":"<p>Have axe, will fell.</p>\n<p><br/></p>\n<p>Chop chop chop</p>"},{"element":{"id":"d69b78b2-77b5-4d50-8012-7a9f639bef6a"},"value":[{"id":"0d2c1fa4-6a7e-4b21-8af5-9afca5e50cda"}]},{"element":{"id":"05088f59-cdba-4711-9136-996b29b4650d"},"value":[{"id":"6a374b5c-cc66-42d3-bd12-f3f9d2e6547f"}]},{"mode":"autogenerated","element":{"id":"0d7e522a-1bb8-4f24-9bbe-3ba63719de0f"},"value":"tree-felling"}],"workflow_step":{"id":"eee6db3b-545a-4785-8e86-e3772c8756f9"},"item":{"id":"be9f5b6e-268d-4a77-8a05-18d54b9138c0"},"language":{"id":"00000000-0000-0000-0000-000000000000"},"last_modified":"2021-04-27T22:55:44.0608761Z"},{"elements":[{"element":{"id":"7d0bea15-820d-4172-bfd6-bef5c42d5568"},"value":"Stream Walking"},{"element":{"id":"1ac90c8c-25a0-40d7-88e8-c7d4bc936fa5"},"value":"2021-05-19T00:00:00Z"},{"components":[],"element":{"id":"bf2a55f2-7e66-41f2-b634-11fa4c9a25e8"},"value":"<p>Who doesn't like a nice paddle?</p>"},{"element":{"id":"d69b78b2-77b5-4d50-8012-7a9f639bef6a"},"value":[{"id":"8bb1db2b-20ff-4737-8a17-67ed093581a3"}]},{"element":{"id":"05088f59-cdba-4711-9136-996b29b4650d"},"value":[{"id":"6a374b5c-cc66-42d3-bd12-f3f9d2e6547f"}]},{"mode":"autogenerated","element":{"id":"0d7e522a-1bb8-4f24-9bbe-3ba63719de0f"},"value":"stream-walking"}],"workflow_step":{"id":"eee6db3b-545a-4785-8e86-e3772c8756f9"},"item":{"id":"78190b0a-2864-4698-8735-4b8472dd0d8e"},"language":{"id":"00000000-0000-0000-0000-000000000000"},"last_modified":"2021-04-27T23:07:39.7151518Z"},{"elements":[{"element":{"id":"5c0174b6-4921-4399-9c9a-0b19b8bf1b05"},"value":"Parking"},{"element":{"id":"ba4bcc46-fc38-4fa6-8d9a-871dcbc0572f"},"value":"fas fa-parking"}],"workflow_step":{"id":"eee6db3b-545a-4785-8e86-e3772c8756f9"},"item":{"id":"530ed8e1-6ef3-4b40-8796-0d2e2278125f"},"language":{"id":"00000000-0000-0000-0000-000000000000"},"last_modified":"2021-04-29T22:04:09.3325052Z"},{"elements":[{"element":{"id":"5c0174b6-4921-4399-9c9a-0b19b8bf1b05"},"value":"Disabled Access"},{"element":{"id":"ba4bcc46-fc38-4fa6-8d9a-871dcbc0572f"},"value":"fas fa-wheelchair"}],"workflow_step":{"id":"eee6db3b-545a-4785-8e86-e3772c8756f9"},"item":{"id":"5f17c89a-8c52-4a76-94d8-5b4aaf2b5039"},"language":{"id":"00000000-0000-0000-0000-000000000000"},"last_modified":"2021-04-29T22:04:35.9293095Z"},{"elements":[{"element":{"id":"5c0174b6-4921-4399-9c9a-0b19b8bf1b05"},"value":"Overnight Camping"},{"element":{"id":"ba4bcc46-fc38-4fa6-8d9a-871dcbc0572f"},"value":"fas fa-campground"}],"workflow_step":{"id":"eee6db3b-545a-4785-8e86-e3772c8756f9"},"item":{"id":"289ac4d5-c97b-4079-a328-2f0b0dc02587"},"language":{"id":"00000000-0000-0000-0000-000000000000"},"last_modified":"2021-04-29T22:05:00.744032Z"},{"elements":[{"element":{"id":"5c0174b6-4921-4399-9c9a-0b19b8bf1b05"},"value":"Onsite Restaurant"},{"element":{"id":"ba4bcc46-fc38-4fa6-8d9a-871dcbc0572f"},"value":"fas fa-utensils"}],"workflow_step":{"id":"eee6db3b-545a-4785-8e86-e3772c8756f9"},"item":{"id":"9e22d230-4dc4-467f-8481-197c6b02240a"},"language":{"id":"00000000-0000-0000-0000-000000000000"},"last_modified":"2021-04-29T22:05:34.3342739Z"}]